[
  {
    "id": "d001",
    "displayName": "Sewilla",
    "country": "Hiszpania",
    "region": "Europa - miasto",
    "climate": "Ciepły",
    "minBudgetPerDay": 170,
    "typicalBudgetPerDay": 260,
    "tags": ["Zwiedzanie", "kultura", "jedzenie"],
    "apiQuery": "Seville"
  },
  {
    "id": "d002",
    "displayName": "Walencja",
    "country": "Hiszpania",
    "region": "Europa - miasto",
    "climate": "Ciepły",
    "minBudgetPerDay": 160,
    "typicalBudgetPerDay": 250,
    "tags": ["Mix", "miasto", "plaża"],
    "apiQuery": "Valencia"
  },
  {
    "id": "d003",
    "displayName": "Lizbona",
    "country": "Portugalia",
    "region": "Europa - miasto",
    "climate": "Ciepły",
    "minBudgetPerDay": 160,
    "typicalBudgetPerDay": 240,
    "tags": ["Zwiedzanie", "punkty_widokowe", "jedzenie"],
    "apiQuery": "Lisbon"
  },
  {
    "id": "d004",
    "displayName": "Berlin",
    "country": "Niemcy",
    "region": "Europa - miasto",
    "climate": "Umiarkowany",
    "minBudgetPerDay": 190,
    "typicalBudgetPerDay": 290,
    "tags": ["Zwiedzanie", "muzea", "nocne_zycie"],
    "apiQuery": "Berlin"
  },
  {
    "id": "d005",
    "displayName": "Praga",
    "country": "Czechy",
    "region": "Europa - miasto",
    "climate": "Umiarkowany",
    "minBudgetPerDay": 140,
    "typicalBudgetPerDay": 210,
    "tags": ["Zwiedzanie", "starowka", "Mix"],
    "apiQuery": "Prague"
  },
  {
    "id": "d006",
    "displayName": "Wiedeń",
    "country": "Austria",
    "region": "Europa - miasto",
    "climate": "Umiarkowany",
    "minBudgetPerDay": 200,
    "typicalBudgetPerDay": 310,
    "tags": ["Zwiedzanie", "kultura", "muzea"],
    "apiQuery": "Vienna"
  },
  {
    "id": "d007",
    "displayName": "Amsterdam",
    "country": "Holandia",
    "region": "Europa - miasto",
    "climate": "Umiarkowany",
    "minBudgetPerDay": 230,
    "typicalBudgetPerDay": 360,
    "tags": ["Mix", "miasto", "kultura"],
    "apiQuery": "Amsterdam"
  },
  {
    "id": "d008",
    "displayName": "Reykjavík",
    "country": "Islandia",
    "region": "Europa - miasto",
    "climate": "Chłodny",
    "minBudgetPerDay": 260,
    "typicalBudgetPerDay": 420,
    "tags": ["Aktywny", "natura", "Mix"],
    "apiQuery": "Reykjavik"
  },
  {
    "id": "d009",
    "displayName": "Helsinki",
    "country": "Finlandia",
    "region": "Europa - miasto",
    "climate": "Chłodny",
    "minBudgetPerDay": 240,
    "typicalBudgetPerDay": 380,
    "tags": ["Zwiedzanie", "spacer", "Mix"],
    "apiQuery": "Helsinki"
  },
  {
    "id": "d010",
    "displayName": "Tallinn",
    "country": "Estonia",
    "region": "Europa - miasto",
    "climate": "Chłodny",
    "minBudgetPerDay": 150,
    "typicalBudgetPerDay": 230,
    "tags": ["Zwiedzanie", "starowka", "Relaks"],
    "apiQuery": "Tallinn"
  },

  {
    "id": "d011",
    "displayName": "Valletta",
    "country": "Malta",
    "region": "Morze Śródziemne",
    "climate": "Ciepły",
    "minBudgetPerDay": 190,
    "typicalBudgetPerDay": 300,
    "tags": ["Relaks", "morze", "Zwiedzanie"],
    "apiQuery": "Valletta"
  },
  {
    "id": "d012",
    "displayName": "Heraklion",
    "country": "Grecja",
    "region": "Morze Śródziemne",
    "climate": "Ciepły",
    "minBudgetPerDay": 170,
    "typicalBudgetPerDay": 260,
    "tags": ["Relaks", "plaża", "Mix"],
    "apiQuery": "Heraklion"
  },
  {
    "id": "d013",
    "displayName": "Palma de Mallorca",
    "country": "Hiszpania",
    "region": "Morze Śródziemne",
    "climate": "Ciepły",
    "minBudgetPerDay": 200,
    "typicalBudgetPerDay": 320,
    "tags": ["Relaks", "plaża", "nocne_zycie"],
    "apiQuery": "Palma"
  },
  {
    "id": "d014",
    "displayName": "Neapol",
    "country": "Włochy",
    "region": "Morze Śródziemne",
    "climate": "Ciepły",
    "minBudgetPerDay": 170,
    "typicalBudgetPerDay": 270,
    "tags": ["Mix", "jedzenie", "Zwiedzanie"],
    "apiQuery": "Naples"
  },
  {
    "id": "d015",
    "displayName": "Nicea",
    "country": "Francja",
    "region": "Morze Śródziemne",
    "climate": "Umiarkowany",
    "minBudgetPerDay": 230,
    "typicalBudgetPerDay": 370,
    "tags": ["Relaks", "spacer", "Mix"],
    "apiQuery": "Nice"
  },
  {
    "id": "d016",
    "displayName": "Split",
    "country": "Chorwacja",
    "region": "Morze Śródziemne",
    "climate": "Umiarkowany",
    "minBudgetPerDay": 160,
    "typicalBudgetPerDay": 240,
    "tags": ["Relaks", "morze", "Zwiedzanie"],
    "apiQuery": "Split"
  },
  {
    "id": "d017",
    "displayName": "Dubrownik",
    "country": "Chorwacja",
    "region": "Morze Śródziemne",
    "climate": "Umiarkowany",
    "minBudgetPerDay": 220,
    "typicalBudgetPerDay": 340,
    "tags": ["Zwiedzanie", "morze", "Mix"],
    "apiQuery": "Dubrovnik"
  },
  {
    "id": "d018",
    "displayName": "Triest",
    "country": "Włochy",
    "region": "Morze Śródziemne",
    "climate": "Chłodny",
    "minBudgetPerDay": 170,
    "typicalBudgetPerDay": 260,
    "tags": ["Zwiedzanie", "spacer", "Relaks"],
    "apiQuery": "Trieste"
  },
  {
    "id": "d019",
    "displayName": "Genua",
    "country": "Włochy",
    "region": "Morze Śródziemne",
    "climate": "Chłodny",
    "minBudgetPerDay": 180,
    "typicalBudgetPerDay": 270,
    "tags": ["Mix", "port", "Zwiedzanie"],
    "apiQuery": "Genoa"
  },
  {
    "id": "d020",
    "displayName": "Marsylia",
    "country": "Francja",
    "region": "Morze Śródziemne",
    "climate": "Chłodny",
    "minBudgetPerDay": 190,
    "typicalBudgetPerDay": 290,
    "tags": ["Mix", "jedzenie", "Zwiedzanie"],
    "apiQuery": "Marseille"
  },

  {
    "id": "d021",
    "displayName": "Marrakesz (Atlas)",
    "country": "Maroko",
    "region": "Góry",
    "climate": "Ciepły",
    "minBudgetPerDay": 140,
    "typicalBudgetPerDay": 210,
    "tags": ["Aktywny", "trekking", "Mix"],
    "apiQuery": "Marrakesh"
  },
  {
    "id": "d022",
    "displayName": "Antalya (Taurus)",
    "country": "Turcja",
    "region": "Góry",
    "climate": "Ciepły",
    "minBudgetPerDay": 150,
    "typicalBudgetPerDay": 230,
    "tags": ["Aktywny", "widoki", "Relaks"],
    "apiQuery": "Antalya"
  },
  {
    "id": "d023",
    "displayName": "Medellín (Andy)",
    "country": "Kolumbia",
    "region": "Góry",
    "climate": "Ciepły",
    "minBudgetPerDay": 130,
    "typicalBudgetPerDay": 210,
    "tags": ["Mix", "Aktywny", "kultura"],
    "apiQuery": "Medellin"
  },
  {
    "id": "d024",
    "displayName": "Zakopane (Tatry)",
    "country": "Polska",
    "region": "Góry",
    "climate": "Umiarkowany",
    "minBudgetPerDay": 120,
    "typicalBudgetPerDay": 180,
    "tags": ["Aktywny", "szlaki", "Relaks"],
    "apiQuery": "Zakopane"
  },
  {
    "id": "d025",
    "displayName": "Innsbruck (Alpy)",
    "country": "Austria",
    "region": "Góry",
    "climate": "Umiarkowany",
    "minBudgetPerDay": 210,
    "typicalBudgetPerDay": 330,
    "tags": ["Aktywny", "sport", "Mix"],
    "apiQuery": "Innsbruck"
  },
    {
      "id": "d026",
      "displayName": "Bled (Alpy Julijskie)",
      "country": "Słowenia",
      "region": "Góry",
      "climate": "Umiarkowany",
      "minBudgetPerDay": 160,
      "typicalBudgetPerDay": 240,
      "tags": ["Relaks", "Aktywny", "Mix"],
      "apiQuery": "Bled"
    },
    {
      "id": "d027",
      "displayName": "Chamonix (Alpy)",
      "country": "Francja",
      "region": "Góry",
      "climate": "Chłodny",
      "minBudgetPerDay": 260,
      "typicalBudgetPerDay": 420,
      "tags": ["Aktywny", "trekking", "sport"],
      "apiQuery": "Chamonix"
    },
    {
      "id": "d028",
      "displayName": "Banff (Rocky Mountains)",
      "country": "Kanada",
      "region": "Góry",
      "climate": "Chłodny",
      "minBudgetPerDay": 240,
      "typicalBudgetPerDay": 390,
      "tags": ["Aktywny", "natura", "Mix"],
      "apiQuery": "Banff"
    },
    {
      "id": "d029",
      "displayName": "Kiruna (Laponia)",
      "country": "Szwecja",
      "region": "Góry",
      "climate": "Chłodny",
      "minBudgetPerDay": 230,
      "typicalBudgetPerDay": 370,
      "tags": ["Aktywny", "widoki", "Relaks"],
      "apiQuery": "Kiruna"
    },

    {
      "id": "d030",
      "displayName": "Bangkok",
      "country": "Tajlandia",
      "region": "Azja",
      "climate": "Ciepły",
      "minBudgetPerDay": 110,
      "typicalBudgetPerDay": 180,
      "tags": ["Mix", "jedzenie", "Zwiedzanie"],
      "apiQuery": "Bangkok"
    },
    {
      "id": "d031",
      "displayName": "Singapur",
      "country": "Singapur",
      "region": "Azja",
      "climate": "Ciepły",
      "minBudgetPerDay": 230,
      "typicalBudgetPerDay": 360,
      "tags": ["Zwiedzanie", "Mix", "nocne_zycie"],
      "apiQuery": "Singapore"
    },
    {
      "id": "d032",
      "displayName": "Denpasar (Bali)",
      "country": "Indonezja",
      "region": "Azja",
      "climate": "Ciepły",
      "minBudgetPerDay": 120,
      "typicalBudgetPerDay": 200,
      "tags": ["Relaks", "plaża", "Mix"],
      "apiQuery": "Denpasar"
    },
    {
      "id": "d033",
      "displayName": "Hanoi",
      "country": "Wietnam",
      "region": "Azja",
      "climate": "Ciepły",
      "minBudgetPerDay": 90,
      "typicalBudgetPerDay": 150,
      "tags": ["Zwiedzanie", "jedzenie", "Mix"],
      "apiQuery": "Hanoi"
    },
    {
      "id": "d034",
      "displayName": "Tokio",
      "country": "Japonia",
      "region": "Azja",
      "climate": "Umiarkowany",
      "minBudgetPerDay": 220,
      "typicalBudgetPerDay": 360,
      "tags": ["Zwiedzanie", "Mix", "jedzenie"],
      "apiQuery": "Tokyo"
    },
    {
      "id": "d035",
      "displayName": "Seul",
      "country": "Korea Południowa",
      "region": "Azja",
      "climate": "Umiarkowany",
      "minBudgetPerDay": 190,
      "typicalBudgetPerDay": 310,
      "tags": ["Mix", "Zwiedzanie", "nocne_zycie"],
      "apiQuery": "Seoul"
    },
    {
      "id": "d036",
      "displayName": "Tajpej",
      "country": "Tajwan",
      "region": "Azja",
      "climate": "Umiarkowany",
      "minBudgetPerDay": 160,
      "typicalBudgetPerDay": 260,
      "tags": ["Zwiedzanie", "Mix", "jedzenie"],
      "apiQuery": "Taipei"
    },
    {
      "id": "d037",
      "displayName": "Ułan Bator",
      "country": "Mongolia",
      "region": "Azja",
      "climate": "Chłodny",
      "minBudgetPerDay": 120,
      "typicalBudgetPerDay": 200,
      "tags": ["Aktywny", "natura", "Mix"],
      "apiQuery": "Ulaanbaatar"
    },
    {
      "id": "d038",
      "displayName": "Sapporo",
      "country": "Japonia",
      "region": "Azja",
      "climate": "Chłodny",
      "minBudgetPerDay": 200,
      "typicalBudgetPerDay": 320,
      "tags": ["Aktywny", "Mix", "jedzenie"],
      "apiQuery": "Sapporo"
    },
    {
      "id": "d039",
      "displayName": "Harbin",
      "country": "Chiny",
      "region": "Azja",
      "climate": "Chłodny",
      "minBudgetPerDay": 140,
      "typicalBudgetPerDay": 230,
      "tags": ["Zwiedzanie", "Mix", "kultura"],
      "apiQuery": "Harbin"
    },

    {
      "id": "d040",
      "displayName": "Miami",
      "country": "USA",
      "region": "Ameryka",
      "climate": "Ciepły",
      "minBudgetPerDay": 230,
      "typicalBudgetPerDay": 380,
      "tags": ["Relaks", "plaża", "nocne_zycie"],
      "apiQuery": "Miami"
    },
    {
      "id": "d041",
      "displayName": "Cancún",
      "country": "Meksyk",
      "region": "Ameryka",
      "climate": "Ciepły",
      "minBudgetPerDay": 180,
      "typicalBudgetPerDay": 300,
      "tags": ["Relaks", "morze", "Mix"],
      "apiQuery": "Cancun"
    },
    {
      "id": "d042",
      "displayName": "Rio de Janeiro",
      "country": "Brazylia",
      "region": "Ameryka",
      "climate": "Ciepły",
      "minBudgetPerDay": 170,
      "typicalBudgetPerDay": 280,
      "tags": ["Mix", "Relaks", "Zwiedzanie"],
      "apiQuery": "Rio de Janeiro"
    },
    {
      "id": "d043",
      "displayName": "Cartagena",
      "country": "Kolumbia",
      "region": "Ameryka",
      "climate": "Ciepły",
      "minBudgetPerDay": 150,
      "typicalBudgetPerDay": 240,
      "tags": ["Relaks", "Zwiedzanie", "Mix"],
      "apiQuery": "Cartagena"
    },
    {
      "id": "d044",
      "displayName": "Nowy Jork",
      "country": "USA",
      "region": "Ameryka",
      "climate": "Umiarkowany",
      "minBudgetPerDay": 260,
      "typicalBudgetPerDay": 420,
      "tags": ["Zwiedzanie", "muzea", "Mix"],
      "apiQuery": "New York"
    },
    {
      "id": "d045",
      "displayName": "San Francisco",
      "country": "USA",
      "region": "Ameryka",
      "climate": "Umiarkowany",
      "minBudgetPerDay": 250,
      "typicalBudgetPerDay": 410,
      "tags": ["Mix", "Zwiedzanie", "spacer"],
      "apiQuery": "San Francisco"
    },
    {
      "id": "d046",
      "displayName": "Toronto",
      "country": "Kanada",
      "region": "Ameryka",
      "climate": "Umiarkowany",
      "minBudgetPerDay": 220,
      "typicalBudgetPerDay": 360,
      "tags": ["Zwiedzanie", "Mix", "jedzenie"],
      "apiQuery": "Toronto"
    },
    {
      "id": "d047",
      "displayName": "Santiago",
      "country": "Chile",
      "region": "Ameryka",
      "climate": "Umiarkowany",
      "minBudgetPerDay": 150,
      "typicalBudgetPerDay": 240,
      "tags": ["Mix", "Zwiedzanie", "Aktywny"],
      "apiQuery": "Santiago"
    },
    {
      "id": "d048",
      "displayName": "Montreal",
      "country": "Kanada",
      "region": "Ameryka",
      "climate": "Chłodny",
      "minBudgetPerDay": 210,
      "typicalBudgetPerDay": 340,
      "tags": ["Zwiedzanie", "kultura", "Mix"],
      "apiQuery": "Montreal"
    },
    {
      "id": "d049",
      "displayName": "Anchorage",
      "country": "USA",
      "region": "Ameryka",
      "climate": "Chłodny",
      "minBudgetPerDay": 240,
      "typicalBudgetPerDay": 390,
      "tags": ["Aktywny", "natura", "Mix"],
      "apiQuery": "Anchorage"
    },
    {
      "id": "d050",
      "displayName": "Ushuaia",
      "country": "Argentyna",
      "region": "Ameryka",
      "climate": "Chłodny",
      "minBudgetPerDay": 180,
      "typicalBudgetPerDay": 300,
      "tags": ["Aktywny", "natura", "Relaks"],
      "apiQuery": "Ushuaia"
    }
  ]



